id,s,h,timing,n
0.021959423953667283,0.021959423953667283,0.21359836612828076,E,1
0.02205716138705611,0.02205716138705611,0.8034407068043947,E,2
0.02243519145064056,0.02243519145064056,0.49008170585148036,E,2
0.022521855826489627,0.022521855826489627,0.7261955805588514,E,1
0.023212075424380602,0.023212075424380602,0.8109932942315936,L,3
0.02388407281599939,0.02388407281599939,0.7462909363675863,L,2
0.0240001221280545,0.0240001221280545,0.2798261686693877,E,70
0.0243348495522514,0.0243348495522514,0.978016791632399,E,2
0.02478460726328194,0.02478460726328194,0.23660388076677918,L,6
0.024802416246384382,0.024802416246384382,0.33636437891982496,L,1
0.024862795430235566,0.024862795430235566,0.4347620760090649,E,1
0.024930456331931056,0.024930456331931056,0.8007230169605464,L,17
0.02604772074148059,0.02604772074148059,0.2799906216096133,L,55
0.026398744583129883,0.026398744583129883,0.8082203951198608,L,3
0.027069306988269093,0.027069306988269093,0.6285153827629983,L,5
0.028575636870227752,0.028575636870227752,0.5852351752109826,E,1
0.029702991135418418,0.029702991135418418,0.970435613533482,E,3
0.030037127817049623,0.030037127817049623,0.6291716638952494,E,12
0.030051181055605412,0.030051181055605412,0.37618385115638375,L,18
0.03078820325434208,0.03078820325434208,0.23074960592202842,E,83
0.031331359669566156,0.031331359669566156,0.43977637169882655,L,1
0.03196737812366336,0.03196737812366336,0.7410806331317872,L,2
0.03205517241731286,0.03205517241731286,0.26498862635344267,E,19
0.03236265198327601,0.03236265198327601,0.6143267906736583,L,17
0.03247434956021607,0.03247434956021607,0.19284877344034612,L,11
0.03274210014846176,0.03274210014846176,0.5411901625338942,L,1
0.03403092929627746,0.03403092929627746,0.1751110248733312,L,3
0.03472699037753046,0.03472699037753046,0.39893420366570354,E,2
0.034960983986966315,0.034960983986966315,0.6882370924577117,L,7
0.03506338757928461,0.03506338757928461,0.5813405066728592,L,53
0.0351451062830165,0.0351451062830165,0.6545515537727624,E,21
0.0352308946987614,0.0352308946987614,0.08912061690352857,L,5
0.03590503418818116,0.03590503418818116,0.7006303598172963,E,1
0.03599310365971178,0.03599310365971178,0.6199776707217097,L,55
0.03605736454017461,0.03605736454017461,0.5570981542114168,E,49
0.03619249444920569,0.03619249444920569,0.8838000863324851,E,27
0.036609608898870646,0.036609608898870646,0.22874163230881095,L,1
0.0370735852746293,0.0370735852746293,0.5841149089392275,E,13
0.03722646415699273,0.03722646415699273,0.25248992210254073,E,8
0.038794610491022466,0.038794610491022466,0.5181609860155731,L,7
0.03900380820035934,0.03900380820035934,0.6609402729663998,E,1
0.03926924738567322,0.03926924738567322,0.26926319231279194,L,11
0.03931328360456973,0.03931328360456973,0.6760829789564013,E,2
0.03943945517297834,0.03943945517297834,0.1997531617525965,L,4
0.04056733834557236,0.04056733834557236,0.17240073322318494,E,47
0.04322112051770091,0.04322112051770091,0.27639008359983563,E,6
0.04363386634737253,0.04363386634737253,0.665043868124485,L,1
0.04371355886571109,0.04371355886571109,0.025081536499783397,L,8
0.04381883106194437,0.04381883106194437,0.19413153128698468,L,2
0.04439767868723721,0.04439767868723721,0.7836660558823496,E,4
0.045007336880080406,0.045007336880080406,0.0013698441907763481,L,47
0.04734171556774527,0.04734171556774527,0.13347018114291131,E,33
0.04817098715808242,0.04817098715808242,0.28019231744110584,E,1
0.04883766490034759,0.04883766490034759,0.1758303998503834,L,116
0.04940338498912752,0.04940338498912752,0.10616026120260358,E,10
0.04947509027551859,0.04947509027551859,0.6205350519157946,L,1
0.05019736376125365,0.05019736376125365,0.025668253656476736,E,6
0.05089525958988815,0.05089525958988815,0.2338324491865933,L,2
0.05123290832620114,0.05123290832620114,0.36711600818671286,E,12
0.051561418920755386,0.051561418920755386,0.16805196274071932,L,46
0.05241456504445523,0.05241456504445523,0.634128435747698,E,1
0.05362618010025472,0.05362618010025472,0.8857124301139265,E,2
0.05374282061122358,0.05374282061122358,0.33011573529802263,E,3
0.0539186711423099,0.0539186711423099,0.6200133285019547,L,6
0.05432579681742937,0.05432579681742937,0.8937077329028398,E,2
0.054539965754374864,0.054539965754374864,0.8953950586728752,L,1
0.05465902582276612,0.05465902582276612,0.6449092128314078,L,6
0.05467889019753784,0.05467889019753784,0.15375802549533546,E,12
0.054856892181560396,0.054856892181560396,0.5517348151188344,L,4
0.05658709318842739,0.05658709318842739,0.43879265198484063,L,2
0.056877470882609485,0.056877470882609485,0.9077447564341128,L,1
0.05712352577131241,0.05712352577131241,0.9399256792385131,E,3
0.05762684733606875,0.05762684733606875,0.5491115781478584,L,7
0.05802090457174927,0.05802090457174927,0.8629669526126236,E,4
0.05877230196259915,0.05877230196259915,0.375116637442261,L,5
0.058866757568903263,0.058866757568903263,0.8568656602874398,E,2
0.058890862558037035,0.058890862558037035,0.16678367997519672,E,4
0.059848142289556566,0.059848142289556566,0.49162148078903556,L,2
0.06021415031980723,0.06021415031980723,0.9269829087425023,E,2
0.06032453703694045,0.06032453703694045,0.2330599226988852,L,6
0.06112888266798108,0.06112888266798108,0.6152877875138074,L,2
0.061298635476268834,0.061298635476268834,0.9652140536345541,E,7
0.06331379344686866,0.06331379344686866,0.7671228242106736,L,22
0.06361832568887621,0.06361832568887621,0.22453551460057497,E,2
0.06495069158263504,0.06495069158263504,0.7467561210505664,E,1
0.06558050028048455,0.06558050028048455,0.09951006341725588,E,9
0.0656151498761028,0.0656151498761028,0.1583080547861755,E,1
0.06642016223166138,0.06642016223166138,0.49179732520133257,E,18
0.06690853383392095,0.06690853383392095,0.18506370019167662,L,3
0.06714816585183143,0.06714816585183143,0.8744793708901852,L,2
0.0682522185286507,0.0682522185286507,0.925745471380651,L,2
0.06836107123177498,0.06836107123177498,0.7010337868705392,L,1
0.06843303024768829,0.06843303024768829,0.7943553349468857,L,2
0.06887548228260129,0.06887548228260129,0.25359169696457684,E,1
0.06920936569105833,0.06920936569105833,0.4443060103803873,L,7
0.06928733937442302,0.06928733937442302,0.26011669635772705,E,1
0.06963101487141103,0.06963101487141103,0.5976939047686756,E,1
0.07049709253013134,0.07049709253013134,0.134566382272169,E,1
0.07062702965456992,0.07062702965456992,0.10301217739470303,E,2
0.07084942951332777,0.07084942951332777,0.7978320091497153,L,1
0.07149414071347564,0.07149414071347564,0.6647764688823372,L,4
0.07310850027482957,0.07310850027482957,0.7108953248243779,E,7
0.07338510720990599,0.07338510720990599,0.28842773335054517,L,3
0.07363266850356012,0.07363266850356012,0.3277824828401208,L,14
0.07408710720483214,0.07408710720483214,0.171223565004766,E,2
0.07420349969062955,0.07420349969062955,0.3954432539176196,L,1
0.07506470378022641,0.07506470378022641,0.04992861393839121,E,1
0.07551018208730965,0.07551018208730965,0.10123786167241633,E,20
0.07662569389212877,0.07662569389212877,0.5754969120025635,E,20
0.07686254994478077,0.07686254994478077,0.010005001677200198,E,7
0.07686992863658816,0.07686992863658816,0.944624200463295,L,5
0.07715442605782301,0.07715442605782301,0.41135458112694323,L,12
0.07756158504635095,0.07756158504635095,0.7393898533191532,E,3
0.07845407156739384,0.07845407156739384,0.9321974259801209,E,7
0.07876163464505226,0.07876163464505226,0.9543047235347331,L,1
0.07935434521175921,0.07935434521175921,0.17262544087134302,L,50
0.0795112267229706,0.0795112267229706,0.8457754829432815,L,1
0.08057868621777743,0.08057868621777743,0.8207353937905282,E,2
0.08092850187793374,0.08092850187793374,0.4614438726566732,E,1
0.08215727721806615,0.08215727721806615,0.9803322998341173,E,1
0.08219876359216868,0.08219876359216868,0.8813150697387755,E,1
0.08291406316682697,0.08291406316682697,0.12745673395693302,L,11
0.08303131472785026,0.08303131472785026,0.4890305532608181,E,3
0.08306425917893648,0.08306425917893648,0.658231251873076,L,5
0.08389297242742032,0.08389297242742032,0.16511269169859588,E,3
0.08476460749283433,0.08476460749283433,0.9551185185555369,E,4
0.08518480731174351,0.08518480731174351,0.14103829441592097,E,6
0.08724926935508848,0.08724926935508848,0.7073453762568533,L,12
0.08786322771571577,0.08786322771571577,0.6534190012607723,L,1
0.0881853549135849,0.0881853549135849,0.42309523560106754,E,2
0.08872629872523248,0.08872629872523248,0.10910045425407588,E,3
0.08903503872454167,0.08903503872454167,0.8134427298791707,E,1
0.08958542346488685,0.08958542346488685,0.7727992818690836,L,1
0.08974451689515263,0.08974451689515263,0.915684807812795,E,7
0.09054831308312715,0.09054831308312715,0.5035430933348835,L,2
0.0910894115967676,0.0910894115967676,0.054974914994090796,E,19
0.09129115417599679,0.09129115417599679,0.6205273263622075,E,7
0.09282029096502811,0.09282029096502811,0.059230607468634844,L,34
0.09425227125175298,0.09425227125175298,0.7904697887133807,E,2
0.09442016603890807,0.09442016603890807,0.5664245844818652,L,2
0.09456000751350076,0.09456000751350076,0.046297538094222546,E,4
0.0951143319066614,0.0951143319066614,0.49230886716395617,E,1
0.09748239980544895,0.09748239980544895,0.990264545660466,E,1
0.09880579024553299,0.09880579024553299,0.590643179602921,L,5
0.09905900637619197,0.09905900637619197,0.3971035946160555,L,6
0.09970860643312335,0.09970860643312335,0.8337033253628761,E,1
0.09973272762261332,0.09973272762261332,0.2760581255424768,E,1
0.10089437667280436,0.10089437667280436,0.8967155206482857,E,1
0.10089449053164572,0.10089449053164572,0.12451969552785158,E,3
0.10170535212848336,0.10170535212848336,0.9120942130684853,E,2
0.10345449386164546,0.10345449386164546,0.22829462098889053,E,1
0.10349392187781632,0.10349392187781632,0.7167528904974461,L,1
0.10396847731433809,0.10396847731433809,0.34397232136689126,L,3
0.10399081623647362,0.10399081623647362,0.8975530846510082,E,2
0.10413561342284083,0.10413561342284083,0.03131268243305385,E,11
0.10631865682546049,0.10631865682546049,0.3021669655572623,L,17
0.10762625693809241,0.10762625693809241,0.49824499781243503,L,35
0.10794653569813818,0.10794653569813818,0.10306754149496555,E,2
0.10947724916972221,0.10947724916972221,0.9194784311112016,L,2
0.11161584518384189,0.11161584518384189,0.7994010725524276,E,8
0.11209780030418187,0.11209780030418187,0.17022811970673501,L,1
0.1125741708651185,0.1125741708651185,0.28145834524184465,E,9
0.11299680050928146,0.11299680050928146,0.5785531818401068,L,1
0.1140148947807029,0.1140148947807029,0.315382762812078,L,1
0.11438817722722888,0.11438817722722888,0.43817641842179,L,1
0.11466837584972382,0.11466837584972382,0.09196867840364575,L,2
0.11669844636227936,0.11669844636227936,0.7551338067278266,L,2
0.11681566552259028,0.11681566552259028,0.21148591162636876,L,17
0.11682082796003669,0.11682082796003669,0.28423375240527093,L,3
0.11719672345556319,0.11719672345556319,0.3293851134367287,L,2
0.11924645960330964,0.11924645960330964,0.20338506577536464,E,14
0.12012815531808883,0.12012815531808883,0.005528579233214259,L,5
0.12056157690938563,0.12056157690938563,0.021113232243806124,L,2
0.12338992659002543,0.12338992659002543,0.7351772582624108,L,3
0.12401973254978657,0.12401973254978657,0.2932983150240034,E,2
0.12403521370142699,0.12403521370142699,0.1603839984163642,L,11
0.12619182428345083,0.12619182428345083,0.9933739146217704,L,1
0.12661779667716472,0.12661779667716472,0.5661399750970304,L,4
0.12760296178516,0.12760296178516,0.21843691542744637,E,1
0.12825845694635063,0.12825845694635063,0.7074003724846989,L,21
0.12838848534040154,0.12838848534040154,0.49319592118263245,E,2
0.1292090721707791,0.1292090721707791,0.5298164731357247,E,7
0.12932743014767764,0.12932743014767764,0.3244672913569957,L,4
0.12964855566155165,0.12964855566155165,0.4332120001781732,E,1
0.1298567302385345,0.1298567302385345,0.39888458233326674,E,1
0.13025258297566325,0.13025258297566325,0.20743636786937714,E,3
0.13276847798377275,0.13276847798377275,0.4407049147412181,E,2
0.1329012227896601,0.1329012227896601,0.15990521083585918,E,4
0.13340064029674978,0.13340064029674978,0.39810568699613214,E,1
0.1353625486092642,0.1353625486092642,0.9745572716929018,E,1
0.1357752994587645,0.1357752994587645,0.8878796438220888,L,5
0.13597904198337346,0.13597904198337346,0.26573871658183634,E,8
0.13610302057117224,0.13610302057117224,0.2644866658374667,E,2
0.1363023472437635,0.1363023472437635,0.11836868966929615,L,3
0.13809884877875447,0.13809884877875447,0.7251494356896728,E,1
0.1420131411915645,0.1420131411915645,0.503620637813583,L,1
0.14344821848440914,0.14344821848440914,0.51238101744093,L,11
0.1434821550361812,0.1434821550361812,0.9017116946633905,L,2
0.14408135966397823,0.14408135966397823,0.15662116184830666,L,13
0.1452018128056079,0.1452018128056079,0.5310201209504157,E,4
0.14567768731620162,0.14567768731620162,0.9105589976534247,E,1
0.14643774322699754,0.14643774322699754,0.03931687748990953,E,4
0.1465278270188719,0.1465278270188719,0.12941169925034046,E,2
0.14763932113535702,0.14763932113535702,0.47913996293209493,E,2
0.14933243952691555,0.14933243952691555,0.8570005586370826,E,1
0.14964588310569524,0.14964588310569524,0.18679367820732296,L,6
0.15200317480135708,0.15200317480135708,0.7564437040127814,L,1
0.15225405808072537,0.15225405808072537,0.5374448196962476,L,6
0.15460728736594317,0.15460728736594317,0.02714790985919535,L,1
0.15477145264856515,0.15477145264856515,0.5166098291520029,E,2
0.15487940018530935,0.15487940018530935,0.8053632115479559,L,2
0.15608446961268782,0.15608446961268782,0.3082823792938143,L,1
0.15636509788688271,0.15636509788688271,0.8795705786906183,L,8
0.15657275405246762,0.15657275405246762,0.17979571293108165,E,7
0.15843218552879987,0.15843218552879987,0.18383208336308599,L,3
0.15944890573620796,0.15944890573620796,0.8668839063029736,L,2
0.1594951217016205,0.1594951217016205,0.05303798941895366,L,4
0.16120747721754014,0.16120747721754014,0.33888167096301913,E,4
0.16152523054741322,0.16152523054741322,0.5665501246694475,E,1
0.1616344916820526,0.1616344916820526,0.7667396869510412,L,19
0.1618134946655482,0.1618134946655482,0.3221473484300077,L,27
0.1632980859512463,0.1632980859512463,0.172376471105963,L,5
0.1650739516550675,0.1650739516550675,0.24270692490972579,L,2
0.16524657534901052,0.16524657534901052,0.8636677749454975,E,1
0.16538223918527364,0.16538223918527364,0.14526533335447311,E,15
0.16540023481473326,0.16540023481473326,0.44933716859668493,E,8
0.1705049868999049,0.1705049868999049,0.7546135995071381,L,3
0.1705962245678529,0.1705962245678529,0.08319698949344456,L,1
0.17066773179918526,0.17066773179918526,0.18604730069637299,E,16
0.17092123702634124,0.17092123702634124,0.65447584586218,L,3
0.17253521553706377,0.17253521553706377,0.9395975116640329,L,1
0.17260274957399815,0.17260274957399815,0.13305700616911054,E,1
0.1730248313723132,0.1730248313723132,0.8339403078425676,L,1
0.1735135539062321,0.1735135539062321,0.33313270355574787,L,2
0.17413134376518427,0.17413134376518427,0.8738947114907205,E,2
0.17666301335673779,0.17666301335673779,0.4885896882042289,L,2
0.177745590521954,0.177745590521954,0.35249655810184777,L,1
0.17958395218010992,0.17958395218010992,0.2461582631804049,L,2
0.18069428580347446,0.18069428580347446,0.3043800783343613,L,1
0.18183560135308652,0.18183560135308652,0.264979827683419,L,3
0.18237933801487086,0.18237933801487086,0.30231921607628465,E,4
0.1829069612547755,0.1829069612547755,0.09631813713349402,E,3
0.1834907550085336,0.1834907550085336,0.92222791002132,E,1
0.1846103744022548,0.1846103744022548,0.029508904088288546,E,3
0.1846562926005572,0.1846562926005572,0.4402974769473076,E,1
0.1861498303618282,0.1861498303618282,0.4123425306752324,L,1
0.18622816935181616,0.18622816935181616,0.25935388496145606,L,6
0.1870701374579221,0.1870701374579221,0.4660489612724632,L,2
0.18762384030502288,0.18762384030502288,0.8475194976199418,L,2
0.18796449797227976,0.18796449797227976,0.23283387417905033,E,2
0.189422040367499,0.189422040367499,0.038085754960775375,L,3
0.19041987917385994,0.19041987917385994,0.6389713792596012,L,2
0.19098279340658336,0.19098279340658336,0.5204953192733228,E,5
0.19531266077887266,0.19531266077887266,0.6546919434331357,E,4
0.19542189704254267,0.19542189704254267,0.4382153684273362,E,4
0.19623200201429425,0.19623200201429425,0.6067898124456406,L,3
0.1963072474207729,0.1963072474207729,0.21568571729585528,L,13
0.19650528491009026,0.19650528491009026,0.5726093230769038,E,2
0.19755019191186873,0.19755019191186873,0.4911210893187672,E,4
0.19929314830340444,0.19929314830340444,0.473242029780522,E,7
0.20286819225177166,0.20286819225177166,0.4008543584495783,E,13
0.20407808208372444,0.20407808208372444,0.6545506750699133,E,6
0.2052235846268013,0.2052235846268013,0.15674758702516556,E,4
0.207413492645137,0.207413492645137,0.530397413764149,E,1
0.21198419656604528,0.21198419656604528,0.9640568953473121,E,4
0.21246441756375134,0.21246441756375134,0.34811934758909047,E,4
0.21269123875070362,0.21269123875070362,0.2323349684011191,L,2
0.21491971023380754,0.21491971023380754,0.41357030044309795,E,1
0.22036344769876448,0.22036344769876448,0.15649034129455686,E,1
0.22105245660524814,0.22105245660524814,0.37773336470127106,E,3
0.22107806822750717,0.22107806822750717,0.5232246248051524,E,1
0.2217747257556766,0.2217747257556766,0.3821645805146545,E,1
0.22207828072831035,0.22207828072831035,0.544590603094548,L,4
0.22212476228829472,0.22212476228829472,0.5605198624543846,L,1
0.2237431215122342,0.2237431215122342,0.38464791025035083,L,1
0.22387532326392828,0.22387532326392828,0.04350968124344945,L,1
0.22509491802193224,0.22509491802193224,0.5982372215948999,E,9
0.22537458248902112,0.22537458248902112,0.11463000904768705,E,3
0.22661985321436076,0.22661985321436076,0.17335843807086349,E,1
0.22685922191943972,0.22685922191943972,0.08205653610639274,E,1
0.2278618434816599,0.2278618434816599,0.1942534155678004,L,3
0.22901007567066697,0.22901007567066697,0.29016663506627083,L,4
0.22916274623014032,0.22916274623014032,0.2146918459329754,E,2
0.22960335028357803,0.22960335028357803,0.013217309722676873,E,4
0.23039607090409844,0.23039607090409844,0.2005201205611229,L,4
0.23142406633123755,0.23142406633123755,0.10609599947929382,E,16
0.23270016177091746,0.23270016177091746,0.471867609070614,L,3
0.23492296883370725,0.23492296883370725,0.5866519112605602,L,1
0.2353462483175099,0.2353462483175099,0.8661364510189742,E,1
0.23569204332306978,0.23569204332306978,0.24000365333631635,L,1
0.23737941606435922,0.23737941606435922,0.6665629965718836,L,1
0.2389174107974395,0.2389174107974395,0.7073326930403709,L,2
0.23907687660772353,0.23907687660772353,0.8327566809020936,E,2
0.23908243355806916,0.23908243355806916,0.26047675241716206,E,5
0.23938905382063239,0.23938905382063239,0.6680607495363802,E,1
0.24008168521802872,0.24008168521802872,0.34321622201241553,E,7
0.24026951328851281,0.24026951328851281,0.8521247622556984,E,1
0.2406929623056203,0.2406929623056203,0.6718072530347854,L,2
0.24220220140647142,0.24220220140647142,0.9218030774500221,E,2
0.24274362803436814,0.24274362803436814,0.569245035527274,L,7
0.24339291868731378,0.24339291868731378,0.08548882999457419,E,1
0.24432617055252193,0.24432617055252193,0.1803374185692519,L,2
0.24746167100034652,0.24746167100034652,0.18155336054041982,L,1
0.24789760570041833,0.24789760570041833,0.721706070471555,L,1
0.24904765187297015,0.24904765187297015,0.6190870434511453,L,6
0.25024378052912655,0.25024378052912655,0.4910907940939069,L,2
0.25044227140024306,0.25044227140024306,0.018356672720983624,L,5
0.2507632045634091,0.2507632045634091,0.8075462020933628,E,2
0.25182160646189006,0.25182160646189006,0.6682549077086151,L,3
0.25236657982692123,0.25236657982692123,0.06307644722983241,L,4
0.25343895829748364,0.25343895829748364,0.9479195014573634,E,2
0.25360872068908064,0.25360872068908064,0.8971684060525149,E,1
0.2546658674022183,0.2546658674022183,0.6467200531624258,E,2
0.2548676102096215,0.2548676102096215,0.6742349248379469,L,4
0.2549151867767796,0.2549151867767796,0.21274496614933014,L,3
0.2556083242641762,0.2556083242641762,0.10302499821409583,L,4
0.25772130477707833,0.25772130477707833,0.5292043655645102,E,2
0.26307436063420025,0.26307436063420025,0.44842125941067934,E,8
0.26334815486799923,0.26334815486799923,0.3963575118687004,L,3
0.2636919832415879,0.2636919832415879,0.2733233501203358,L,1
0.26492314322851596,0.26492314322851596,0.4603896578773856,E,4
0.26523689872119577,0.26523689872119577,0.3914989964105189,L,1
0.2653551937220618,0.2653551937220618,0.0256920896936208,L,1
0.2653640507534146,0.2653640507534146,0.33291068603284657,L,1
0.26633484568912535,0.26633484568912535,0.9949062308296561,E,2
0.2663539851550013,0.2663539851550013,0.45062452065758407,L,1
0.26713505292776973,0.26713505292776973,0.4009988382458687,L,6
0.2673582155723125,0.2673582155723125,0.11550970491953194,E,2
0.2677259355923161,0.2677259355923161,0.699054648866877,E,3
0.26783362118527293,0.26783362118527293,0.7599487390834838,E,3
0.2693157007312402,0.2693157007312402,0.010134175652638078,E,2
0.2700274658901617,0.2700274658901617,0.5069869884755462,E,1
0.2701390071678907,0.2701390071678907,0.7454669906292111,E,1
0.27067598120775077,0.27067598120775077,0.12394987209700048,E,1
0.2707935243751854,0.2707935243751854,0.36683317087590694,E,1
0.2728907481022179,0.2728907481022179,0.7495054688770324,E,4
0.27298044764902446,0.27298044764902446,0.2825767321046442,L,3
0.27301741001661867,0.27301741001661867,0.5652260442730039,L,2
0.2742523907776922,0.2742523907776922,0.38902644510380924,E,1
0.2766656583547592,0.2766656583547592,0.3122868505306542,E,1
0.27685295523609965,0.27685295523609965,0.889849916100502,L,3
0.27785067151300613,0.27785067151300613,0.07978880614973605,E,5
0.2797456013923511,0.2797456013923511,0.4060162615496665,L,3
0.2801563509274274,0.2801563509274274,0.39396106894128025,E,11
0.28278694696724416,0.28278694696724416,0.5384562395047396,E,2
0.29056246262043717,0.29056246262043717,0.40940560842864215,E,1
0.29119877382181586,0.29119877382181586,0.017824402078986168,L,8
0.2916722826240584,0.2916722826240584,0.656063491711393,L,1
0.2930279275169596,0.2930279275169596,0.6038456442765892,E,4
0.2932371713174507,0.2932371713174507,0.844634521054104,E,2
0.29324358665850014,0.29324358665850014,0.5545248442795128,E,1
0.29367568871937694,0.29367568871937694,0.07386916712857783,L,5
0.29757171648554503,0.29757171648554503,0.6061843105126172,E,2
0.2996826724102721,0.2996826724102721,0.2773969427216798,E,1
0.30064032292459164,0.30064032292459164,0.005462731933221221,E,3
0.30152421390172096,0.30152421390172096,0.27468954399228096,E,1
0.30171650619711726,0.30171650619711726,0.7252276013605297,E,1
0.3018040663842112,0.3018040663842112,0.11301417392678559,L,4
0.30290372397284954,0.30290372397284954,0.29097174503840506,E,1
0.3032420193543658,0.3032420193543658,0.9800241237971932,E,1
0.30430562133900824,0.30430562133900824,0.568273259093985,E,1
0.30829075471498074,0.30829075471498074,0.03534112358465791,E,3
0.30872208189684897,0.30872208189684897,0.09260089928284287,L,4
0.3115271676378325,0.3115271676378325,0.016261130804196,E,6
0.3139481009496376,0.3139481009496376,0.11198513465933502,E,1
0.31487129216548054,0.31487129216548054,0.7573774931952357,L,4
0.31509923277422786,0.31509923277422786,0.3603372238576412,E,2
0.31685887096915394,0.31685887096915394,0.44337436300702393,L,2
0.31745392716489734,0.31745392716489734,0.12769433204084635,L,5
0.31759041174314917,0.31759041174314917,0.22982399887405336,E,1
0.317882618252188,0.317882618252188,0.40195146086625755,E,1
0.31853948975913227,0.31853948975913227,0.8411580435931683,E,2
0.3192813424021006,0.3192813424021006,0.42449287115596235,L,9
0.3201151140406728,0.3201151140406728,0.003322792472317815,L,1
0.320816469672136,0.320816469672136,0.7797172660939395,L,3
0.3209945553960279,0.3209945553960279,0.41198177612386644,L,3
0.3216874601459131,0.3216874601459131,0.4206420239061117,E,2
0.32377070205286146,0.32377070205286146,0.35234022908844054,L,1
0.3304627869417891,0.3304627869417891,0.008025223854929209,E,6
0.33207804299891,0.33207804299891,0.8377243846189231,E,1
0.33474260205868633,0.33474260205868633,0.18060518219135702,L,1
0.3406607737997547,0.3406607737997547,0.3357578166760504,E,3
0.3406754157273099,0.3406754157273099,0.7123229412827641,L,1
0.34070414306595925,0.34070414306595925,0.518030246719718,L,3
0.3412135849427432,0.3412135849427432,0.8624507635831833,L,3
0.34328037595842037,0.34328037595842037,0.6186212839093059,L,1
0.34356331768911336,0.34356331768911336,0.261209239019081,E,7
0.3447340991767123,0.3447340991767123,0.029103098902851343,L,2
0.34612447398249063,0.34612447398249063,0.26514985179528594,L,4
0.34661446333862844,0.34661446333862844,0.019009678158909082,E,5
0.34715646428056063,0.34715646428056063,0.3406446576118469,E,5
0.34787849339190874,0.34787849339190874,0.5354688016232103,L,2
0.34871593247167765,0.34871593247167765,0.36471868958324194,L,1
0.34925611737649886,0.34925611737649886,0.6693965310696512,L,2
0.3492933556064963,0.3492933556064963,0.5725157912820578,L,4
0.3515100934682414,0.3515100934682414,0.6060573735740036,L,2
0.3527989719016478,0.3527989719016478,0.9201285163871944,L,3
0.3538081678422168,0.3538081678422168,0.7281946749426425,E,4
0.3555538545642048,0.3555538545642048,0.05285160942003131,E,1
0.35606208620592955,0.35606208620592955,0.49726174329407513,E,2
0.35661035577300937,0.35661035577300937,0.36412463267333806,L,1
0.35697900651488457,0.35697900651488457,0.3846442415378988,L,9
0.35708810336422175,0.35708810336422175,0.38225073157809675,E,3
0.3597717850049958,0.3597717850049958,0.8601924604736269,L,1
0.3597956828121096,0.3597956828121096,0.4685961357317865,L,1
0.3603279957128689,0.3603279957128689,0.27383169904351234,E,2
0.36180536278057845,0.36180536278057845,0.9429048101883382,E,1
0.3622810620535165,0.3622810620535165,0.05992922140285373,E,4
0.36437792252749207,0.36437792252749207,0.28669543750584126,E,4
0.3646123206894845,0.3646123206894845,0.717658310662955,L,2
0.366130050374195,0.366130050374195,0.9271182571537793,E,1
0.3671400227909908,0.3671400227909908,0.9262931221164763,E,1
0.36785655039828274,0.36785655039828274,0.14023841102607548,E,4
0.3741603812016547,0.3741603812016547,0.08445927617140114,L,14
0.3750270019145683,0.3750270019145683,0.4397246013395488,L,2
0.3751479848055169,0.3751479848055169,0.830310737947002,L,1
0.37585168606601654,0.37585168606601654,0.2684295824728906,E,3
0.37835339344106617,0.37835339344106617,0.8257235265336931,E,1
0.3800445191888139,0.3800445191888139,0.20952894212678075,L,1
0.38007395979948344,0.38007395979948344,0.22259836900047958,E,4
0.3801663123257458,0.3801663123257458,0.3217450201045722,L,3
0.3811456888867542,0.3811456888867542,0.4398845254909247,L,1
0.3862987575074658,0.3862987575074658,0.6982228073757142,E,2
0.3879532948648557,0.3879532948648557,0.3164693189319223,E,2
0.38921744950115683,0.38921744950115683,0.09043961297720671,L,6
0.38984860602300614,0.38984860602300614,0.5737855383194983,E,2
0.3910212218016386,0.3910212218016386,0.8228965755552053,E,1
0.3922906461171806,0.3922906461171806,0.377227989025414,L,2
0.3949359226459637,0.3949359226459637,0.2768567483872175,E,3
0.3952938409941271,0.3952938409941271,0.2888224902562797,L,1
0.3967277598474175,0.3967277598474175,0.4505489291623235,L,1
0.3971947369398549,0.3971947369398549,0.26368912565521896,E,8
0.3980507945641875,0.3980507945641875,0.3263652396854013,L,2
0.39994242892600596,0.39994242892600596,0.4793626719620079,E,2
0.40051632791291925,0.40051632791291925,0.12789395148865879,E,3
0.4027702261973172,0.4027702261973172,0.14573953114449978,E,19
0.4058968908339739,0.4058968908339739,0.36042769998311996,L,3
0.4069190388452262,0.4069190388452262,0.7714067134074867,E,1
0.40980498124845327,0.40980498124845327,0.08353306446224451,L,3
0.41469040036201477,0.41469040036201477,0.3257582578808069,E,6
0.41697768050711603,0.41697768050711603,0.17628608760423958,L,5
0.4178096135193482,0.4178096135193482,0.12955785379745066,E,9
0.41790316510014236,0.41790316510014236,0.9640965932048857,L,1
0.42007795887067917,0.42007795887067917,0.5915789778809994,L,2
0.42228659701067955,0.42228659701067955,0.46450030198320746,E,2
0.42335854331962763,0.42335854331962763,0.27584829553961754,E,1
0.4344881896162406,0.4344881896162406,0.1652655298821628,E,3
0.43829505427274856,0.43829505427274856,0.8846808515954763,E,1
0.4389675661968067,0.4389675661968067,0.08815731527283788,E,1
0.43995124543551356,0.43995124543551356,0.29281397303566337,L,1
0.4412291553150863,0.4412291553150863,0.8028723075985909,L,2
0.4415139322495088,0.4415139322495088,0.3633013677317649,E,1
0.44796071568038315,0.44796071568038315,0.6848039478063583,E,1
0.4487097147339955,0.4487097147339955,0.7784270597621799,L,1
0.4507761383894831,0.4507761383894831,0.3244929173961282,E,2
0.4516459701955319,0.4516459701955319,0.09082213719375432,E,3
0.4528880266332999,0.4528880266332999,0.8488608200568706,L,1
0.45433107450138777,0.45433107450138777,0.8064069845713675,L,1
0.45439525209832937,0.45439525209832937,0.205072715645656,L,3
0.4549300947645679,0.4549300947645679,0.15566965355537832,L,6
0.4572819264838472,0.4572819264838472,0.6375911228824407,E,1
0.457416661423631,0.457416661423631,0.27548078331165016,L,2
0.45834486083127557,0.45834486083127557,0.5192036053631455,E,1
0.4602278314251453,0.4602278314251453,0.08945817942731082,L,2
0.46077486634254455,0.46077486634254455,0.08826052490621805,L,1
0.4623798561654985,0.4623798561654985,0.7008350526448339,E,2
0.46695884942077104,0.46695884942077104,0.6983618219383061,E,1
0.47084176676347855,0.47084176676347855,0.9478891685139388,E,3
0.47184971504844725,0.47184971504844725,0.5152780036441982,E,3
0.47229417227674275,0.47229417227674275,0.6923026500735432,E,6
0.4727684335969389,0.4727684335969389,0.15642873011529446,L,3
0.4739147288165987,0.4739147288165987,0.5199056894052774,E,1
0.4741978724813089,0.4741978724813089,0.5404885816387832,E,1
0.47642892141826454,0.47642892141826454,0.3166029278654605,E,1
0.47715631490107624,0.47715631490107624,0.8354099194984883,L,3
0.47723832840565594,0.47723832840565594,0.45683805854059756,L,2
0.4776396443136037,0.4776396443136037,0.20512964786030352,L,3
0.47767845238093287,0.47767845238093287,0.2726788423024118,E,5
0.47782109355088326,0.47782109355088326,0.243134023854509,L,1
0.4786136202234775,0.4786136202234775,0.8809373704716563,E,3
0.4786476087989286,0.4786476087989286,0.2713612490333617,L,1
0.47936643548775465,0.47936643548775465,0.1418866440653801,L,1
0.47984601006843153,0.47984601006843153,0.36297354428097606,E,1
0.481860550143756,0.481860550143756,0.17618006956763566,L,8
0.48568354099988936,0.48568354099988936,0.7758895203005522,E,2
0.4914961742656305,0.4914961742656305,0.5255194997880608,E,1
0.49195387768093496,0.49195387768093496,0.1391870705410838,L,3
0.4944819218153134,0.4944819218153134,0.10310975252650678,E,1
0.49530566748697313,0.49530566748697313,0.9939832107629627,L,1
0.4975603201147169,0.4975603201147169,0.0043537362944334745,E,2
0.5011091124126688,0.5011091124126688,0.996129407780245,E,2
0.5017482342617586,0.5017482342617586,0.5245316124055535,E,2
0.5020270923618227,0.5020270923618227,0.25881291762925684,L,1
0.5042255683150142,0.5042255683150142,0.4107902613468468,L,3
0.5070374029874801,0.5070374029874801,0.20539536280557513,E,1
0.5141018875176087,0.5141018875176087,0.031060126144438982,L,2
0.5157761324942112,0.5157761324942112,0.23155376641079783,E,4
0.5276089292392134,0.5276089292392134,0.48254268197342753,L,2
0.527789725898765,0.527789725898765,0.6900056193117052,L,4
0.5293841273058206,0.5293841273058206,0.4602837411221117,L,1
0.5299267625715584,0.5299267625715584,0.1341719322372228,L,5
0.5304618391161785,0.5304618391161785,0.855938192922622,L,1
0.532629277696833,0.532629277696833,0.056537097319960594,E,1
0.5367419167747721,0.5367419167747721,0.6319997699465603,E,1
0.5381324487924576,0.5381324487924576,0.564654728397727,L,1
0.5427737750858068,0.5427737750858068,0.3974718682002276,L,1
0.5431459059379995,0.5431459059379995,0.3042556762229651,L,1
0.5488031983235852,0.5488031983235852,0.14465776341967285,E,2
0.5488854233454913,0.5488854233454913,0.5510791584383696,L,1
0.5502421721443534,0.5502421721443534,0.6931563559919596,E,2
0.5514536528056487,0.5514536528056487,0.4180278987623751,E,2
0.5519200003659352,0.5519200003659352,0.33693455369211733,E,3
0.5527257050015032,0.5527257050015032,0.18991097481921315,E,8
0.5543745384644717,0.5543745384644717,0.37592766783200204,E,1
0.5568541512917727,0.5568541512917727,0.26116896932944655,E,1
0.5576710973773151,0.5576710973773151,0.41187582700513303,E,3
0.5598783365823329,0.5598783365823329,0.5997346818912774,L,2
0.5616504798550159,0.5616504798550159,0.007466100389137864,E,3
0.5617525160871446,0.5617525160871446,0.02024151128716767,L,3
0.5622521654190495,0.5622521654190495,0.8835010176990181,L,1
0.5637696176441387,0.5637696176441387,0.7703106831759214,E,1
0.5658541131392122,0.5658541131392122,0.13531963899731636,E,2
0.5678461125865579,0.5678461125865579,0.061934817815199494,L,2
0.5679738115519285,0.5679738115519285,0.20331139327026904,E,1
0.5684221057547256,0.5684221057547256,0.8533229047898203,L,1
0.5697585655469447,0.5697585655469447,0.12977386126294732,E,1
0.5703385246079415,0.5703385246079415,0.06555245723575354,L,1
0.5718569634575397,0.5718569634575397,0.8150440158788115,E,1
0.5725698964111507,0.5725698964111507,0.2965227316599339,E,3
0.5732285296497867,0.5732285296497867,0.2903099711984396,E,1
0.5747994471574203,0.5747994471574203,0.807105066254735,E,1
0.5750687011843547,0.5750687011843547,0.6458857813850045,L,1
0.5752838898310438,0.5752838898310438,0.012805143604055047,L,7
0.5754850608343258,0.5754850608343258,0.4651191718876362,E,1
0.5764884415315464,0.5764884415315464,0.09002928715199232,L,1
0.5766176263662055,0.5766176263662055,0.28195413132198155,L,1
0.5767092291126028,0.5767092291126028,0.725179344182834,L,1
0.5786999170156196,0.5786999170156196,0.250728087965399,E,9
0.581454468369484,0.581454468369484,0.31834092224016786,L,2
0.5867435127403587,0.5867435127403587,0.5530327034648508,E,1
0.5943926991568879,0.5943926991568879,0.36065701954066753,L,2
0.5957460522698239,0.5957460522698239,0.14160747826099396,E,1
0.59954495867248625,0.59954495867248625,0.3541440947446972,E,1
0.59980105641298,0.59980105641298,0.9743801085278392,L,1
0.6020761032355949,0.6020761032355949,0.046301105758175254,L,1
0.6058330828882754,0.6058330828882754,0.06843433738686144,L,3
0.6073352675326169,0.6073352675326169,0.6403628843836486,L,5
0.6085500494157896,0.6085500494157896,0.607647537952289,L,1
0.6108042584732175,0.6108042584732175,0.4757069149054587,E,1
0.6130833489960059,0.6130833489960059,0.22138491179794073,E,2
0.6152740487782284,0.6152740487782284,0.18599368375726044,E,1
0.6221231110114605,0.6221231110114605,0.4639888205565512,L,1
0.624550526519306,0.624550526519306,0.5209838694427162,L,1
0.6285707259085029,0.6285707259085029,0.5129520322661847,E,3
0.6305505737196654,0.6305505737196654,0.6592141387518495,L,4
0.633457772587426,0.633457772587426,0.145000055199489,E,1
0.6389261852484196,0.6389261852484196,0.6419863631017506,L,1
0.6392420969856903,0.6392420969856903,0.44913487252779305,E,1
0.6403373156767339,0.6403373156767339,0.3820445532910526,L,1
0.6443541070586071,0.6443541070586071,0.1438867007382214,E,3
0.6502779475552961,0.6502779475552961,0.11151120043359697,L,2
0.6527881496213377,0.6527881496213377,0.29051804076880217,E,2
0.6557201254507526,0.6557201254507526,0.21599093661643565,E,1
0.6571803806070239,0.6571803806070239,0.008205482037737966,L,9
0.6593275174032897,0.6593275174032897,0.17921862239018083,L,2
0.6594804136268795,0.6594804136268795,0.57582490099594,E,1
0.6611928866524249,0.6611928866524249,0.6361818774603307,L,3
0.6625738517893478,0.6625738517893478,0.09089078288525343,E,1
0.6632133857207373,0.6632133857207373,0.19495845376513898,L,1
0.6703152091056108,0.6703152091056108,0.12082709791138768,L,1
0.6710882919281721,0.6710882919281721,0.1868767850100994,L,2
0.6721168826613575,0.6721168826613575,0.3726987314876169,L,2
0.6771793764596805,0.6771793764596805,0.44940498494543135,L,1
0.6787990910373628,0.6787990910373628,0.055546321673318744,E,5
0.6804870903445408,0.6804870903445408,0.7801115021575242,E,2
0.680848092008382,0.680848092008382,0.3735507323872298,L,2
0.6813409330835566,0.6813409330835566,0.016585244797170162,E,4
0.6828091177437454,0.6828091177437454,0.18352079088799655,L,1
0.6833092302689329,0.6833092302689329,0.16811853181570768,E,4
0.6847719528991729,0.6847719528991729,0.3201035358943045,E,3
0.6848321351688356,0.6848321351688356,0.9971511077601463,L,1
0.686076063318178,0.686076063318178,0.42713416856713593,L,2
0.6905600109091029,0.6905600109091029,0.5301509269047529,L,1
0.6924949171068147,0.6924949171068147,0.7408500819001347,E,1
0.6934255333337933,0.6934255333337933,0.3281870377250016,E,1
0.6936965992907063,0.6936965992907063,0.009594123344868422,E,1
0.6964078265568242,0.6964078265568242,0.8701447723433375,L,1
0.6967147934157402,0.6967147934157402,0.371442218311131,E,1
0.7021765680378304,0.7021765680378304,0.20942954765632749,E,1
0.7030486281914636,0.7030486281914636,0.16714588762260973,E,2
0.7041311480849981,0.7041311480849981,0.9914849095512182,E,1
0.7041842266125604,0.7041842266125604,0.35948652657680213,L,2
0.7105396064929664,0.7105396064929664,0.5437431095633656,E,1
0.7123033958580345,0.7123033958580345,0.2971534573007375,L,1
0.7132447907980531,0.7132447907980531,0.11013860371895134,E,1
0.7139948296407238,0.7139948296407238,0.45644071279093623,E,1
0.7143310251366347,0.7143310251366347,0.7450685673393309,E,1
0.7149293373757973,0.7149293373757973,0.12017351412214339,E,4
0.7191793144028634,0.7191793144028634,0.03733876021578908,L,5
0.7195910777151585,0.7195910777151585,0.22815276752226055,L,3
0.7207928454643115,0.7207928454643115,0.41110499622300267,E,1
0.7221617922186852,0.7221617922186852,0.5360819427296519,E,1
0.7222650507790968,0.7222650507790968,0.18364317389205098,L,1
0.7233568813139573,0.7233568813139573,0.08001749217510223,E,4
0.7247327362652868,0.7247327362652868,0.12481204513460398,L,9
0.7251818963885307,0.7251818963885307,0.06916067423298955,L,1
0.737582273981534,0.737582273981534,0.418335520895198,E,2
0.7396739847958088,0.7396739847958088,0.039989922661334276,E,1
0.7404834182513877,0.7404834182513877,0.4245806725230068,L,2
0.7405729475803673,0.7405729475803673,0.06858012499287724,L,2
0.7429237675759941,0.7429237675759941,0.24332222691737115,L,1
0.7457932189293206,0.7457932189293206,0.42888686805963516,E,1
0.7458402617974207,0.7458402617974207,0.19135509058833122,E,1
0.7464823102066294,0.7464823102066294,0.06699088821187615,E,2
0.7476246641762555,0.7476246641762555,0.3819336141459644,L,6
0.7481260636029765,0.7481260636029765,0.5229130613151938,L,1
0.7544045919599012,0.7544045919599012,0.48204040667042136,L,1
0.7552509019896388,0.7552509019896388,0.004822290036827326,E,1
0.7567921164864674,0.7567921164864674,0.983748976374045,E,2
0.757150799673982,0.757150799673982,0.31007592962123454,L,2
0.7615272232191638,0.7615272232191638,0.004376854281872511,E,3
0.7615591700933874,0.7615591700933874,0.6056799369398504,L,1
0.7635756653919816,0.7635756653919816,0.15112682455219328,E,1
0.7655793201969937,0.7655793201969937,0.9098846872802824,L,1
0.7673047044500708,0.7673047044500708,0.020297517767176032,L,1
0.7747281592106446,0.7747281592106446,0.10106269177049398,E,3
0.7790143641130999,0.7790143641130999,0.002559640444815159,E,2
0.7805945406947284,0.7805945406947284,0.16024381946772337,L,1
0.7832633488113061,0.7832633488113061,0.32766969059593976,E,2
0.7848061103280634,0.7848061103280634,0.08661811496131122,E,1
0.7907688643084839,0.7907688643084839,0.4053418228868395,L,1
0.7945034584915266,0.7945034584915266,0.7360428089741617,E,1
0.7983086024876684,0.7983086024876684,0.5813877694308758,L,1
0.8047156601352617,0.8047156601352617,0.2424309824127704,L,5
0.8052806534897536,0.8052806534897536,0.3018837063573301,L,2
0.8058907721377909,0.8058907721377909,0.1189225697889924,L,2
0.8065882844058797,0.8065882844058797,0.3890943268779665,E,3
0.808569013196975,0.808569013196975,0.11723984638229012,E,2
0.8118755497038365,0.8118755497038365,0.24076071451418102,L,1
0.8143943493673578,0.8143943493673578,0.24511831323616207,E,1
0.817120204414241,0.817120204414241,0.06627140403725207,L,2
0.8178789284732193,0.8178789284732193,0.27717831381596625,L,1
0.8181605680147186,0.8181605680147186,0.17636983818374574,L,2
0.8195657889638096,0.8195657889638096,0.18945933715440333,L,1
0.81985393055249,0.81985393055249,0.40261329687200487,L,2
0.8216286499099806,0.8216286499099806,0.629867727868259,E,1
0.8229692994337529,0.8229692994337529,0.7133457690943033,E,2
0.8241898915404454,0.8241898915404454,0.376180735649541,E,1
0.8272449391940608,0.8272449391940608,0.06024624384008348,L,3
0.830363238970749,0.830363238970749,0.20073381974361837,L,3
0.8382022664090618,0.8382022664090618,0.10026678210124373,L,1
0.8442187065444887,0.8442187065444887,0.5845312043093145,E,1
0.8529542594123631,0.8529542594123631,0.8771095357369632,L,1
0.8532389742834493,0.8532389742834493,0.28639802406542003,E,1
0.8544365815073252,0.8544365815073252,0.38198325550183654,E,3
0.8612685624044388,0.8612685624044388,0.23651120881550014,E,1
0.8627297706436365,0.8627297706436365,0.010587432654574513,E,1
0.865656256149523,0.865656256149523,0.023398357210680842,L,4
0.8688954005436972,0.8688954005436972,0.12897537811659276,L,1
0.8701847978448495,0.8701847978448495,0.3341287754010409,E,1
0.8752075756713747,0.8752075756713747,0.18511526938527822,E,2
0.8865576061373577,0.8865576061373577,0.7380403706338257,L,2
0.8872659434378147,0.8872659434378147,0.613678153604269,E,2
0.8899308760184794,0.8899308760184794,0.21721724281087518,L,7
0.8953803144115955,0.8953803144115955,0.5208241741638631,L,1
0.9000469598080962,0.9000469598080962,0.10239026811905205,L,2
0.9018434980791062,0.9018434980791062,0.1753362009767443,L,1
0.9021656366856768,0.9021656366856768,0.6358344233594835,L,1
0.914337045061402,0.914337045061402,0.0828601373359561,E,2
0.9153062131162732,0.9153062131162732,0.016079680295661092,L,2
0.9160786561388522,0.9160786561388522,0.03185421205125749,L,1
0.9196804993553087,0.9196804993553087,0.09560142154805362,E,1
0.920466970289126,0.920466970289126,0.7299577770754695,L,2
0.9285489462548867,0.9285489462548867,0.8045675354078412,L,1
0.9362092050444335,0.9362092050444335,0.38356557535007596,E,5
0.9397248753719032,0.9397248753719032,0.23385200975462794,E,1
0.9444404645543546,0.9444404645543546,0.9335019059944898,E,1
0.9460063743265346,0.9460063743265346,0.532863981090486,E,1
0.9547582181356847,0.9547582181356847,0.24995133536867797,E,1
0.9572300972323865,0.9572300972323865,0.39257489889860153,L,1
0.9598377405619248,0.9598377405619248,0.5738991689868271,E,1
0.9732371459761634,0.9732371459761634,0.32450907747261226,L,1
0.9733386402949691,0.9733386402949691,0.5056526220869273,L,1
0.9743562328116968,0.9743562328116968,0.11387757095508277,E,3
0.9786446163197979,0.9786446163197979,0.5895960603374988,E,1
0.9815544451214373,0.9815544451214373,0.34998698183335364,E,2
0.9821632739016786,0.9821632739016786,0.36266109300777316,E,1
0.9904891838785261,0.9904891838785261,0.15123592992313206,E,2
0.9937749170744792,0.9937749170744792,0.2048683469183743,E,1
0.9974482668377459,0.9974482668377459,0.01204843888990581,L,1
0.9999702066322789,0.9999702066322789,0.42193418787792325,E,1
